-- =============================================================================
-- 校园流浪动物图鉴与动态打卡系统 - 种子数据脚本
-- 前置: 已执行 init.sql,数据库 campus_animal 已存在
-- 来源: docs/superpowers/specs/2026-06-07-campus-stray-animal-system-design.md §4.4
-- =============================================================================

USE campus_animal;

-- -----------------------------------------------------------------------------
-- 1. 用户种子(3 个,密码均为 BCrypt 10 轮哈希)
--    登录账号:
--      admin     / admin123   (ADMIN   - 系统管理员)
--      student01 / 123456     (STUDENT - 张三)
--      student02 / 123456     (STUDENT - 李四)
--    哈希由 Spring Security 6.3.4 的 BCryptPasswordEncoder(强度 10)实时生成,
--    经 matches() 验证通过,可直接用于登录校验。
--    注意: BCrypt 每次编码会加随机盐,即使是同一明文,多次 encode() 输出不同,
--    但所有输出对同一明文 matches() 都返回 true。本脚本写入的是一次性生成值。
-- -----------------------------------------------------------------------------
INSERT INTO user (id, username, password, nickname, role) VALUES
  (1, 'admin',     '$2a$10$phN770udqqlg8XmpztPRReIAp66P94CreOWGpiZfLEyb3OtzQ2uI2', '系统管理员', 'ADMIN'),
  (2, 'student01', '$2a$10$XoJyDmw28JOOGBgFnLLYNujPtt8ZpB79z0d15Wds0/vQvNH5IoFJm', '张三',      'STUDENT'),
  (3, 'student02', '$2a$10$XoJyDmw28JOOGBgFnLLYNujPtt8ZpB79z0d15Wds0/vQvNH5IoFJm', '李四',      'STUDENT');

-- -----------------------------------------------------------------------------
-- 2. 动物档案种子(4 只,无封面图,演示时管理员再上传)
-- -----------------------------------------------------------------------------
INSERT INTO animal (id, name, type, area, cover_image) VALUES
  (1, '奶牛猫', 'CAT', '图书馆草坪', NULL),
  (2, '橘猫',   'CAT', '西区食堂',   NULL),
  (3, '黑狗',   'DOG', '东门',       NULL),
  (4, '白猫',   'CAT', '教学楼后',   NULL);

-- -----------------------------------------------------------------------------
-- 3. 打卡种子(每只动物 2-3 条,便于演示时间轴倒序聚合)
--    注意: 写入顺序按 animal_id 与时间混排,执行时按 animal_id, created_at 即可。
-- -----------------------------------------------------------------------------
INSERT INTO check_in (animal_id, user_id, content, created_at) VALUES
  (1, 2, '今天在图书馆草坪看到它了,精神不错,在晒太阳',     '2026-05-20 10:30:00'),
  (1, 3, '下午又碰到了,还在草坪上,这次带了猫条喂它',         '2026-05-22 15:45:00'),
  (1, 2, '连续三天了都在同一个位置,看来是常驻居民了',        '2026-05-25 09:15:00'),
  (2, 3, '西区食堂门口有只橘猫在蹭饭,胖乎乎的特别可爱',     '2026-05-21 12:00:00'),
  (2, 2, '中午又遇到它,这次吃完直接躺门口石凳上睡觉了',      '2026-05-23 12:30:00'),
  (3, 2, '东门保安亭旁有只黑狗,很温顺可以摸',              '2026-05-24 17:20:00'),
  (3, 3, '黑狗今天趴在保安亭的台阶上,看起来刚吃饱',         '2026-05-26 17:45:00'),
  (4, 2, '教学楼后的小白猫今天没看到,可能换位置了',          '2026-05-22 14:00:00'),
  (4, 3, '在垃圾桶旁边发现了它,毛发很干净像是有人照顾',      '2026-05-25 14:30:00');
